event_hour,active_users,buyer_users,pv_actions,buy_actions,cart_actions,fav_actions,buyer_rate,buy_actions_per_active_user,buy_to_pv_action_ratio
0,318390,38928,3056935,57775,181807,105681,0.12226514651842081,0.18145984484437325,0.018899649485514085
1,167416,15885,1421673,23169,85412,51374,0.09488340421465093,0.13839179050986763,0.01629699656672104
2,98335,8274,769269,12012,46155,27791,0.08414094676361418,0.12215386179895256,0.01561482394325002
3,71415,5595,524992,8025,32552,18384,0.07834488552825036,0.11237135055660576,0.015285947214433744
4,64213,4723,449628,6748,28537,14793,0.07355208446887702,0.10508775481600299,0.015007962137589296
5,84444,5963,581694,8135,37264,18992,0.07061484534129127,0.09633603334754394,0.013985016176890255
6,179928,13963,1226653,18014,81305,40524,0.07760326352763328,0.10011782490774088,0.014685489702466794
7,329994,29216,2228959,37679,147046,74666,0.08853494305957078,0.11418086389449505,0.01690430375794261
8,444398,49285,3042342,64916,192036,103721,0.11090283934671173,0.14607626496968934,0.021337509063741027
9,520529,71632,3728498,96134,229890,127976,0.13761385052513886,0.1846851952532904,0.025783572902546816
10,577797,92853,4334810,127932,266963,147752,0.16070176896037883,0.2214134029771702,0.029512712206532697
11,587526,89500,4213518,122046,260831,145412,0.1523336839561143,0.20772867924142932,0.028965344398671135
12,593649,87699,4255794,118591,255811,140862,0.14772870837818305,0.19976619180694316,0.02786577545811663
13,602301,90447,4653933,123426,279829,150844,0.15016910149576373,0.20492411601508215,0.026520794347490606
14,593591,89200,4642054,122171,277093,148561,0.15027182015899837,0.2058167997830156,0.026318306508282756
15,603739,89392,4806704,122728,284269,151321,0.14806398128992826,0.20327989412643543,0.025532672700461688
16,598367,85438,4607743,116444,279035,148722,0.14278528060538098,0.1946029777711672,0.02527137472727971
17,585508,75819,4203395,101300,255342,137631,0.12949267986090712,0.17301215354871324,0.024099567135613
18,583797,73158,4313516,95907,253193,133262,0.12531410747228916,0.1642814197400809,0.022234066130738823
19,624683,85920,5430878,115032,314774,161057,0.13754176118127115,0.1841445981401767,0.021181105522900718
20,663343,98084,6586331,133859,393209,191406,0.1478631718432244,0.20179454671263586,0.020323758402060268
21,682751,104573,7538382,145431,465924,219974,0.1531641843073097,0.21300737750658733,0.019292070897972535
22,649704,97521,7443069,138263,486249,232222,0.15010066122418825,0.21280921773607675,0.01857607392864422
23,514021,69485,5599901,100070,395920,195330,0.13517930201295278,0.19468076207003215,0.017869958772485442
