cohort_date,cohort_size,D1_any_users,D1_purchase_users,D1_any_rate,D1_purchase_rate,D3_any_users,D3_purchase_users,D3_any_rate,D3_purchase_rate,D7_any_users,D7_purchase_users,D7_any_rate,D7_purchase_rate
2017-11-25 00:00:00,706641,557328,110797,0.7887003443049583,0.15679390242004074,536463,107066,0.759173328465232,0.15151399366863796,696406,125000,0.9855159833635467,0.17689321734798857
2017-11-26 00:00:00,158188,103431,20156,0.6538485852277037,0.1274180089513743,104190,20347,0.658646673578274,0.12862543302905405,154003,27211,0.9735441373555517,0.1720168407211672
2017-11-27 00:00:00,63825,39280,7750,0.6154328241284763,0.12142577359968665,41082,8239,0.6436662749706228,0.129087348217783,0,0,0.0,0.0
2017-11-28 00:00:00,31331,19366,4067,0.6181098592448374,0.12980753885927676,20805,4087,0.664038811400849,0.1304458842679774,0,0,0.0,0.0
2017-11-29 00:00:00,17931,12512,2691,0.697785957280687,0.15007528860632424,17315,3240,0.9656460877809381,0.18069265517818303,0,0,0.0,0.0
2017-11-30 00:00:00,9801,9273,2069,0.9461279461279462,0.21110090807060505,9341,1708,0.9530660136720743,0.1742679318436894,0,0,0.0,0.0
2017-12-01 00:00:00,255,230,35,0.9019607843137255,0.13725490196078433,0,0,0.0,0.0,0,0,0.0,0.0
2017-12-02 00:00:00,18,13,2,0.7222222222222222,0.1111111111111111,0,0,0.0,0.0,0,0,0.0,0.0
2017-12-03 00:00:00,1,0,0,0.0,0.0,0,0,0.0,0.0,0,0,0.0,0.0
