segment,day_n,eligible_users,any_users,purchase_users,any_retention,purchase_retention
全部用户,1,987990,741433,147567,0.7504458547151287,0.14936082349011628
全部用户,3,987717,729196,144687,0.7382640979146861,0.1464862911137502
全部用户,7,864829,850409,152211,0.9833261835576744,0.17600126730255344
窗口内复购用户,1,370274,303852,114490,0.8206139237429579,0.3092034547389231
窗口内复购用户,3,370244,304119,113336,0.8214015622130271,0.3061116452933741
窗口内复购用户,7,339122,334500,116355,0.9863706866555398,0.34310661060031494
高价值复购用户,1,156022,130067,52041,0.8336452551563241,0.333549114868416
高价值复购用户,3,156010,130386,51855,0.8357541183257483,0.3323825395807961
高价值复购用户,7,143981,142710,52671,0.9911724463644509,0.36581910113139926
