category_id,pv_users,intent_users,buyer_users,intent_to_buy
4756105,410410,133914,16058,0.1199
982926,392746,114508,12230,0.1068
4145813,368450,119624,16438,0.1374
2355072,361785,90969,6900,0.0759
1320293,343972,80453,7623,0.0948
3607361,331737,79415,6765,0.0852
4801426,321351,90368,12669,0.1402
2520377,297244,71019,4900,0.0690
2465336,262536,64621,6511,0.1008
3002561,255728,65691,7535,0.1147
2735466,255222,65057,12802,0.1968
1080785,226441,39782,2202,0.0554
4217906,201052,46918,6462,0.1377
149192,197028,48374,5407,0.1118
2520771,176130,34071,4245,0.1246
1464116,170789,43931,10296,0.2344
4181361,166701,45032,4034,0.0896
2920476,164820,26750,1311,0.0490
154040,150102,24187,1211,0.0501
2885642,148345,41897,10737,0.2563
