event_hour,active_users,buyer_users,pv_actions,buy_actions
0,318390,38928,3056935,57775
1,167416,15885,1421673,23169
2,98335,8274,769269,12012
3,71415,5595,524992,8025
4,64213,4723,449628,6748
5,84444,5963,581694,8135
6,179928,13963,1226653,18014
7,329994,29216,2228959,37679
8,444398,49285,3042342,64916
9,520529,71632,3728498,96134
10,577797,92853,4334810,127932
11,587526,89500,4213518,122046
12,593649,87699,4255794,118591
13,602301,90447,4653933,123426
14,593591,89200,4642054,122171
15,603739,89392,4806704,122728
16,598367,85438,4607743,116444
17,585508,75819,4203395,101300
18,583797,73158,4313516,95907
19,624683,85920,5430878,115032
20,663343,98084,6586331,133859
21,682751,104573,7538382,145431
22,649704,97521,7443069,138263
23,514021,69485,5599901,100070
