event_date,active_users,buyer_users,pv_actions,buy_actions,cart_actions,fav_actions,first_seen_users,buyer_rate,buy_actions_per_active_user,buy_to_pv_action_ratio
2017-11-25,706641,132622,9353416,201144,563376,302071,706641,0.18767945816899953,0.2846480744819505,0.021504870520032467
2017-11-26,715516,136048,9567422,205638,582581,308954,158188,0.19013970337490707,0.2873981853655264,0.02149356430603772
2017-11-27,710094,146934,9041186,226834,541904,291221,63825,0.2069219004807814,0.3194422146927027,0.025088965098163007
2017-11-28,709257,139845,8842932,211997,534157,289100,31331,0.19717112414822835,0.2989001166008936,0.02397360965797317
2017-11-29,718922,146220,9210820,223068,551593,298587,17931,0.20338785014229638,0.31028122661429197,0.024218039219092328
2017-11-30,730597,146128,9358998,221459,565015,302264,9801,0.2000117711953375,0.3031205986337201,0.02366268269316865
2017-12-01,740139,139971,9718956,210010,623346,307115,255,0.18911447714550916,0.28374399943794343,0.021608287968378496
2017-12-02,970401,174487,12329641,257903,793569,396749,18,0.17980917167232927,0.2657695117791511,0.02091731624627189
2017-12-03,966977,173225,12237300,257754,774905,392197,1,0.17914076549907598,0.26655649513897434,0.021062979578828665
