cohort_date,day_n,users,cohort_size,retention_rate
2017-11-25,0,706641,706641,1.0
2017-11-25,1,557328,706641,0.7887003443049583
2017-11-25,2,542838,706641,0.7681948825499794
2017-11-25,3,536463,706641,0.759173328465232
2017-11-25,4,537610,706641,0.7607965006276172
2017-11-25,5,541422,706641,0.7661910361838614
2017-11-25,6,546087,706641,0.7727926910552884
2017-11-25,7,696406,706641,0.9855159833635467
2017-11-25,8,694326,706641,0.9825724802268762
2017-11-26,0,158188,158188,1.0
2017-11-26,1,103431,158188,0.6538485852277037
2017-11-26,2,102183,158188,0.6459592383745922
2017-11-26,3,104190,158188,0.658646673578274
2017-11-26,4,105830,158188,0.6690140845070423
2017-11-26,5,108478,158188,0.6857536602017852
2017-11-26,6,154681,158188,0.9778301767517131
2017-11-26,7,154003,158188,0.9735441373555517
2017-11-27,0,63825,63825,1.0
2017-11-27,1,39280,63825,0.6154328241284763
2017-11-27,2,39825,63825,0.6239717978848414
2017-11-27,3,41082,63825,0.6436662749706228
2017-11-27,4,42336,63825,0.6633137485311399
2017-11-27,5,62021,63825,0.9717352134743439
2017-11-27,6,61690,63825,0.9665491578535057
2017-11-28,0,31331,31331,1.0
2017-11-28,1,19366,31331,0.6181098592448374
2017-11-28,2,19950,31331,0.6367495451788963
2017-11-28,3,20805,31331,0.664038811400849
2017-11-28,4,30341,31331,0.9684019022693179
2017-11-28,5,30149,31331,0.9622737863457917
2017-11-29,0,17931,17931,1.0
2017-11-29,1,12512,17931,0.697785957280687
2017-11-29,2,12905,17931,0.7197033071217445
2017-11-29,3,17315,17931,0.9656460877809381
2017-11-29,4,17217,17931,0.9601806926551781
2017-11-30,0,9801,9801,1.0
2017-11-30,1,9273,9801,0.9461279461279462
2017-11-30,2,9389,9801,0.9579634731149883
2017-11-30,3,9341,9801,0.9530660136720743
2017-12-01,0,255,255,1.0
2017-12-01,1,230,255,0.9019607843137255
2017-12-01,2,237,255,0.9294117647058824
2017-12-02,0,18,18,1.0
2017-12-02,1,13,18,0.7222222222222222
2017-12-03,0,1,1,1.0
