category_id,hour_bucket,user_structure,prev_1130,curr_1201,delta,negative_share,direction,net_delta_share,dimension_label
330316,06-11,历史已出现用户,262,51,-211,0.0056096134418035,negative,0.0184295571665647,类目330316｜06-11｜历史已出现用户
2735466,12-17,历史已出现用户,1346,1149,-197,0.005237411602063,negative,0.0172067429469822,类目2735466｜12-17｜历史已出现用户
3158249,18-23,历史已出现用户,429,246,-183,0.0048652097623225,negative,0.0159839287273997,类目3158249｜18-23｜历史已出现用户
1884322,18-23,历史已出现用户,253,77,-176,0.0046791088424522,negative,0.0153725216176085,类目1884322｜18-23｜历史已出现用户
1973012,06-11,历史已出现用户,284,125,-159,0.0042271494656245,negative,0.013887675779544,类目1973012｜06-11｜历史已出现用户
569703,06-11,历史已出现用户,190,32,-158,0.0042005636199287,negative,0.0138003319067167,类目569703｜06-11｜历史已出现用户
3158249,12-17,历史已出现用户,408,264,-144,0.0038283617801882,negative,0.0125775176871342,类目3158249｜12-17｜历史已出现用户
2433095,06-11,历史已出现用户,154,14,-140,0.0037220183974052,negative,0.0122281421958249,类目2433095｜06-11｜历史已出现用户
3776866,18-23,历史已出现用户,448,309,-139,0.0036954325517094,negative,0.0121407983229976,类目3776866｜18-23｜历史已出现用户
4138583,18-23,历史已出现用户,200,63,-137,0.0036422608603179,negative,0.011966110577343,类目4138583｜18-23｜历史已出现用户
1575622,18-23,历史已出现用户,574,441,-133,0.0035359174775349,negative,0.0116167350860337,类目1575622｜18-23｜历史已出现用户
4145813,12-17,历史已出现用户,1252,1124,-128,0.0034029882490562,negative,0.0111800157218971,类目4145813｜12-17｜历史已出现用户
2735466,06-11,历史已出现用户,974,848,-126,0.0033498165576646,negative,0.0110053279762424,类目2735466｜06-11｜历史已出现用户
4801426,12-17,历史已出现用户,1004,885,-119,0.0031637156377944,negative,0.0103939208664512,类目4801426｜12-17｜历史已出现用户
1265358,18-23,历史已出现用户,417,302,-115,0.0030573722550114,negative,0.0100445453751419,类目1265358｜18-23｜历史已出现用户
